,gsm,title,tissue,cell_type,disease_status,sf3b1_mutational_status,srsf2_mutational_status,u2af1_mutational_status,zrsr2_mutational_status,patient_id,gender
0,GSM3167287,PEL2031A112,bone marrow,CD34+ hematopoietic stem/progenitor cells,Myelodysplastic Syndrome,MUT,WT,WT,WT,A112,
1,GSM3167290,PEL2031A114,bone marrow,CD34+ hematopoietic stem/progenitor cells,Myelodysplastic Syndrome,WT,WT,MUT,WT,A114,
2,GSM3167292,PEL2031A115,bone marrow,CD34+ hematopoietic stem/progenitor cells,Healthy,WT,WT,WT,WT,A115,Male
3,GSM3167294,PEL2031A116,bone marrow,CD34+ hematopoietic stem/progenitor cells,Myelodysplastic Syndrome,MUT,WT,WT,WT,A116,
4,GSM3167295,PEL2031A117,bone marrow,CD34+ hematopoietic stem/progenitor cells,Myelodysplastic Syndrome,WT,WT,WT,WT,A117,
5,GSM3167297,PEL2031A118,bone marrow,CD34+ hematopoietic stem/progenitor cells,Myelodysplastic Syndrome,MUT,WT,WT,WT,A118,
6,GSM3167298,PEL2031A119,bone marrow,CD34+ hematopoietic stem/progenitor cells,Myelodysplastic Syndrome,WT,MUT,WT,WT,A119,
7,GSM3167300,PEL2031A120,bone marrow,CD34+ hematopoietic stem/progenitor cells,Myelodysplastic Syndrome,WT,WT,WT,WT,A120,
8,GSM3167302,PEL2031A121,bone marrow,CD34+ hematopoietic stem/progenitor cells,Myelodysplastic Syndrome,WT,WT,WT,WT,A121,
9,GSM3167303,PEL2031A122,bone marrow,CD34+ hematopoietic stem/progenitor cells,Myelodysplastic Syndrome,WT,MUT,WT,WT,A122,
10,GSM3167305,PEL2031A123,bone marrow,CD34+ hematopoietic stem/progenitor cells,Myelodysplastic Syndrome,MUT,WT,WT,WT,A123,
11,GSM3167306,PEL2031A124,bone marrow,CD34+ hematopoietic stem/progenitor cells,Myelodysplastic Syndrome,WT,WT,WT,WT,A124,
12,GSM3167308,PEL2031A125,bone marrow,CD34+ hematopoietic stem/progenitor cells,Myelodysplastic Syndrome,MUT,WT,WT,WT,A125,
13,GSM3167310,PEL2031A126,bone marrow,CD34+ hematopoietic stem/progenitor cells,Myelodysplastic Syndrome,WT,WT,WT,WT,A126,
14,GSM3167311,PEL2031A127,bone marrow,CD34+ hematopoietic stem/progenitor cells,Myelodysplastic Syndrome,MUT,WT,WT,WT,A127,
15,GSM3167313,PEL2031A128,bone marrow,CD34+ hematopoietic stem/progenitor cells,Myelodysplastic Syndrome,MUT,WT,WT,WT,A128,
16,GSM3167314,PEL2031A129,bone marrow,CD34+ hematopoietic stem/progenitor cells,Myelodysplastic Syndrome,WT,WT,WT,WT,A129,
17,GSM3167316,PEL2031A130,bone marrow,CD34+ hematopoietic stem/progenitor cells,Myelodysplastic Syndrome,WT,WT,WT,WT,A130,
18,GSM3167318,PEL2031A131,bone marrow,CD34+ hematopoietic stem/progenitor cells,Myelodysplastic Syndrome,WT,WT,WT,WT,A131,
19,GSM3167319,PEL2031A132,bone marrow,CD34+ hematopoietic stem/progenitor cells,Myelodysplastic Syndrome,WT,WT,WT,WT,A132,
20,GSM3167321,PEL2031A133,bone marrow,CD34+ hematopoietic stem/progenitor cells,Healthy,WT,WT,WT,WT,A133,Female
21,GSM3167322,PEL2031A134,bone marrow,CD34+ hematopoietic stem/progenitor cells,Myelodysplastic Syndrome,WT,WT,WT,WT,A134,
22,GSM3167324,PEL2031A135,bone marrow,CD34+ hematopoietic stem/progenitor cells,Healthy,WT,WT,WT,WT,A135,Female
23,GSM3167325,PEL2031A136,bone marrow,CD34+ hematopoietic stem/progenitor cells,Myelodysplastic Syndrome,WT,WT,WT,WT,A136,
24,GSM3167327,PEL2031A137,bone marrow,CD34+ hematopoietic stem/progenitor cells,Healthy,WT,WT,WT,WT,A137,Male
25,GSM3167329,PEL2031A138,bone marrow,CD34+ hematopoietic stem/progenitor cells,Myelodysplastic Syndrome,WT,WT,WT,WT,A138,
26,GSM3167330,PEL2031A139,bone marrow,CD34+ hematopoietic stem/progenitor cells,Myelodysplastic Syndrome,WT,WT,WT,WT,A139,
27,GSM3167332,PEL2031A140,bone marrow,CD34+ hematopoietic stem/progenitor cells,Myelodysplastic Syndrome,WT,WT,WT,WT,A140,
28,GSM3167334,PEL2031A141,bone marrow,CD34+ hematopoietic stem/progenitor cells,Myelodysplastic Syndrome,WT,WT,WT,WT,A141,
29,GSM3167335,PEL2031A142,bone marrow,CD34+ hematopoietic stem/progenitor cells,Myelodysplastic Syndrome,MUT,WT,WT,WT,A142,
30,GSM3167337,PEL2031A143,bone marrow,CD34+ hematopoietic stem/progenitor cells,Myelodysplastic Syndrome,WT,WT,WT,WT,A143,
31,GSM3167338,PEL2031A145,bone marrow,CD34+ hematopoietic stem/progenitor cells,Myelodysplastic Syndrome,WT,WT,WT,WT,A145,
32,GSM3167340,PEL2031A146,bone marrow,CD34+ hematopoietic stem/progenitor cells,Healthy,WT,WT,WT,WT,A146,Female
33,GSM3167341,PEL2031A147,bone marrow,CD34+ hematopoietic stem/progenitor cells,Myelodysplastic Syndrome,MUT,WT,WT,WT,A147,
34,GSM3167342,PEL2031A148,bone marrow,CD34+ hematopoietic stem/progenitor cells,Myelodysplastic Syndrome,WT,WT,WT,WT,A148,
35,GSM3167343,PEL2031A149,bone marrow,CD34+ hematopoietic stem/progenitor cells,Myelodysplastic Syndrome,MUT,WT,WT,WT,A149,
36,GSM3167344,PEL2031A150,bone marrow,CD34+ hematopoietic stem/progenitor cells,Myelodysplastic Syndrome,MUT,WT,WT,WT,A150,
37,GSM3167345,PEL2031A151,bone marrow,CD34+ hematopoietic stem/progenitor cells,Myelodysplastic Syndrome,MUT,WT,WT,WT,A151,
38,GSM3167346,PEL2031A153,bone marrow,CD34+ hematopoietic stem/progenitor cells,Myelodysplastic Syndrome,MUT,WT,WT,WT,A153,
39,GSM3167347,PEL2031A154,bone marrow,CD34+ hematopoietic stem/progenitor cells,Myelodysplastic Syndrome,MUT,WT,WT,WT,A154,
40,GSM3167348,PEL2031A155,bone marrow,CD34+ hematopoietic stem/progenitor cells,Myelodysplastic Syndrome,WT,WT,WT,WT,A155,
41,GSM3167349,PEL2031A156,bone marrow,CD34+ hematopoietic stem/progenitor cells,Myelodysplastic Syndrome,WT,MUT,WT,WT,A156,
42,GSM3167350,PEL2031A158,bone marrow,CD34+ hematopoietic stem/progenitor cells,Myelodysplastic Syndrome,MUT,WT,WT,WT,A158,
43,GSM3167351,PEL2031A159,bone marrow,CD34+ hematopoietic stem/progenitor cells,Healthy,WT,WT,WT,WT,A159,Female
44,GSM3167353,PEL2031A161,bone marrow,CD34+ hematopoietic stem/progenitor cells,Myelodysplastic Syndrome,WT,WT,MUT,WT,A161,
45,GSM3167354,PEL2031A162,bone marrow,CD34+ hematopoietic stem/progenitor cells,Healthy,WT,WT,WT,WT,A162,Male
46,GSM3167355,PEL2031A163,bone marrow,CD34+ hematopoietic stem/progenitor cells,Myelodysplastic Syndrome,WT,WT,WT,WT,A163,
47,GSM3167356,PEL2031A164,bone marrow,CD34+ hematopoietic stem/progenitor cells,Myelodysplastic Syndrome,WT,WT,WT,WT,A164,
48,GSM3167357,PEL2031A165,bone marrow,CD34+ hematopoietic stem/progenitor cells,Myelodysplastic Syndrome,WT,WT,WT,WT,A165,
49,GSM3167358,PEL2031A166,bone marrow,CD34+ hematopoietic stem/progenitor cells,Myelodysplastic Syndrome,MUT,WT,WT,WT,A166,
50,GSM3167359,PEL2031A167,bone marrow,CD34+ hematopoietic stem/progenitor cells,Myelodysplastic Syndrome,MUT,WT,WT,WT,A167,
51,GSM3167360,PEL2031A168,bone marrow,CD34+ hematopoietic stem/progenitor cells,Myelodysplastic Syndrome,WT,WT,WT,WT,A168,
52,GSM3167361,PEL2031A169,bone marrow,CD34+ hematopoietic stem/progenitor cells,Healthy,WT,WT,WT,WT,A169,Female
53,GSM3167362,PEL2031A170,bone marrow,CD34+ hematopoietic stem/progenitor cells,Myelodysplastic Syndrome,MUT,WT,WT,WT,A170,
54,GSM3167363,PEL2031A171,bone marrow,CD34+ hematopoietic stem/progenitor cells,Myelodysplastic Syndrome,WT,WT,WT,WT,A171,
55,GSM3167364,PEL2031A172,bone marrow,CD34+ hematopoietic stem/progenitor cells,Myelodysplastic Syndrome,MUT,WT,WT,WT,A172,
56,GSM3167365,PEL2031A173,bone marrow,CD34+ hematopoietic stem/progenitor cells,Myelodysplastic Syndrome,WT,WT,WT,WT,A173,
57,GSM3167367,PEL2031A175,bone marrow,CD34+ hematopoietic stem/progenitor cells,Myelodysplastic Syndrome,WT,WT,WT,WT,A175,
58,GSM3167368,PEL2031A176,bone marrow,CD34+ hematopoietic stem/progenitor cells,Myelodysplastic Syndrome,WT,WT,WT,WT,A176,
59,GSM3167369,PEL2031A177,bone marrow,CD34+ hematopoietic stem/progenitor cells,Myelodysplastic Syndrome,WT,MUT,WT,WT,A177,
60,GSM3167370,PEL2031A178,bone marrow,CD34+ hematopoietic stem/progenitor cells,Myelodysplastic Syndrome,MUT,WT,WT,WT,A178,
61,GSM3167371,PEL2031A179,bone marrow,CD34+ hematopoietic stem/progenitor cells,Myelodysplastic Syndrome,WT,WT,WT,WT,A179,
62,GSM3167372,PEL2031A180,bone marrow,CD34+ hematopoietic stem/progenitor cells,Myelodysplastic Syndrome,WT,WT,MUT,WT,A180,
63,GSM3167373,PEL2031A181,bone marrow,CD34+ hematopoietic stem/progenitor cells,Myelodysplastic Syndrome,MUT,WT,WT,WT,A181,
64,GSM3167374,PEL2031A182,bone marrow,CD34+ hematopoietic stem/progenitor cells,Myelodysplastic Syndrome,WT,WT,WT,WT,A182,
65,GSM3167375,PEL2031A183,bone marrow,CD34+ hematopoietic stem/progenitor cells,Myelodysplastic Syndrome,MUT,WT,WT,WT,A183,
66,GSM3167376,PEL2031A184,bone marrow,CD34+ hematopoietic stem/progenitor cells,Myelodysplastic Syndrome,WT,WT,WT,WT,A184,
67,GSM3167377,PEL2031A185,bone marrow,CD34+ hematopoietic stem/progenitor cells,Myelodysplastic Syndrome,MUT,WT,WT,WT,A185,
68,GSM3167378,PEL2031A186,bone marrow,CD34+ hematopoietic stem/progenitor cells,Myelodysplastic Syndrome,WT,MUT,WT,WT,A186,
69,GSM3167379,PEL2031A187,bone marrow,CD34+ hematopoietic stem/progenitor cells,Myelodysplastic Syndrome,WT,WT,MUT,WT,A187,
70,GSM3167380,PEL2031A188,bone marrow,CD34+ hematopoietic stem/progenitor cells,Myelodysplastic Syndrome,WT,WT,WT,WT,A188,
71,GSM3167381,PEL2031A189,bone marrow,CD34+ hematopoietic stem/progenitor cells,Myelodysplastic Syndrome,WT,WT,WT,WT,A189,
72,GSM3167382,PEL2031A190,bone marrow,CD34+ hematopoietic stem/progenitor cells,Myelodysplastic Syndrome,MUT,WT,WT,WT,A190,
73,GSM3167383,PEL2031A191,bone marrow,CD34+ hematopoietic stem/progenitor cells,Myelodysplastic Syndrome,WT,WT,MUT,WT,A191,
74,GSM3167384,PEL2031A192,bone marrow,CD34+ hematopoietic stem/progenitor cells,Myelodysplastic Syndrome,WT,MUT,WT,WT,A192,
75,GSM3167385,PEL2031A193,bone marrow,CD34+ hematopoietic stem/progenitor cells,Myelodysplastic Syndrome,WT,WT,WT,WT,A193,
76,GSM3167386,PEL2031A194,bone marrow,CD34+ hematopoietic stem/progenitor cells,Myelodysplastic Syndrome,WT,WT,WT,WT,A194,
77,GSM3167387,PEL2031A195,bone marrow,CD34+ hematopoietic stem/progenitor cells,Myelodysplastic Syndrome,WT,WT,WT,WT,A195,
78,GSM3167388,PEL2031A196,bone marrow,CD34+ hematopoietic stem/progenitor cells,Myelodysplastic Syndrome,MUT,WT,WT,WT,A196,
79,GSM3167389,PEL2031A197,bone marrow,CD34+ hematopoietic stem/progenitor cells,Myelodysplastic Syndrome,MUT,WT,WT,WT,A197,
80,GSM3167390,PEL2031A198,bone marrow,CD34+ hematopoietic stem/progenitor cells,Myelodysplastic Syndrome,WT,WT,WT,WT,A198,
81,GSM3167391,PEL2031A199,bone marrow,CD34+ hematopoietic stem/progenitor cells,Myelodysplastic Syndrome,MUT,WT,WT,WT,A199,
82,GSM3167392,PEL2031A200,bone marrow,CD34+ hematopoietic stem/progenitor cells,Myelodysplastic Syndrome,WT,WT,MUT,WT,A200,
83,GSM3167393,PEL2031A203,bone marrow,CD34+ hematopoietic stem/progenitor cells,Myelodysplastic Syndrome,WT,WT,WT,WT,A203,
84,GSM3167394,PEL2031A204,bone marrow,CD34+ hematopoietic stem/progenitor cells,Myelodysplastic Syndrome,WT,WT,WT,WT,A204,
85,GSM3167395,PEL2031A205,bone marrow,CD34+ hematopoietic stem/progenitor cells,Myelodysplastic Syndrome,MUT,WT,WT,WT,A205,
86,GSM3167396,PEL2031A206,bone marrow,CD34+ hematopoietic stem/progenitor cells,Myelodysplastic Syndrome,WT,WT,WT,WT,A206,
87,GSM3167397,PEL2031A207,bone marrow,CD34+ hematopoietic stem/progenitor cells,Myelodysplastic Syndrome,WT,MUT,WT,WT,A207,
88,GSM3167398,PEL2031A208,bone marrow,CD34+ hematopoietic stem/progenitor cells,Myelodysplastic Syndrome,WT,MUT,WT,WT,A208,
89,GSM3167399,PEL2031A209,bone marrow,CD34+ hematopoietic stem/progenitor cells,Myelodysplastic Syndrome,WT,WT,WT,WT,A209,
90,GSM3190034,PEL2958A10,bone marrow,Granulocytic precursor,Myelodysplastic Syndrome,MUT,WT,,,MDS163,
91,GSM3190035,PEL2958A11,bone marrow,Monocytic precursor,Myelodysplastic Syndrome,MUT,WT,,,MDS155,
92,GSM3190036,PEL2958A13,bone marrow,Granulocytic precursor,Healthy,WT,WT,,,HBM165,
93,GSM3190037,PEL2958A14,bone marrow,Monocytic precursor,Myelodysplastic Syndrome,MUT,WT,,,MDS189,
94,GSM3190038,PEL2958A15,bone marrow,Granulocytic precursor,Healthy,WT,WT,,,HBM187,
95,GSM3190039,PEL2958A17,bone marrow,Monocytic precursor,Healthy,WT,WT,,,HBM165,
96,GSM3190040,PEL2958A18,bone marrow,Granulocytic precursor,Healthy,WT,WT,,,HBM160,
97,GSM3190041,PEL2958A19,bone marrow,Monocytic precursor,Healthy,WT,WT,,,HBM160,
98,GSM3190042,PEL2958A2,bone marrow,Granulocytic precursor,Myelodysplastic Syndrome,MUT,WT,,,MDS189,
99,GSM3190043,PEL2958A21,bone marrow,Monocytic precursor,Myelodysplastic Syndrome,MUT,WT,,,MDS163,
100,GSM3190044,PEL2958A22,bone marrow,Monocytic precursor,Myelodysplastic Syndrome,WT,MUT,,,MDS218,
101,GSM3190045,PEL2958A23,bone marrow,Granulocytic precursor,Myelodysplastic Syndrome,WT,MUT,,,MDS218,
102,GSM3190046,PEL2958A24,bone marrow,Erythroid precursor,Healthy,WT,WT,,,HBM160,
103,GSM3190047,PEL2958A25,bone marrow,Granulocytic precursor,Myelodysplastic Syndrome,MUT,WT,,,MDS178,
104,GSM3190048,PEL2958A27,bone marrow,Granulocytic precursor,Myelodysplastic Syndrome,MUT,WT,,,MDS166,
105,GSM3190049,PEL2958A29,bone marrow,Granulocytic precursor,Healthy,WT,WT,,,HBM190,
106,GSM3190050,PEL2958A3,bone marrow,Monocytic precursor,Myelodysplastic Syndrome,MUT,WT,,,MDS142,
107,GSM3190051,PEL2958A30,bone marrow,Erythroid precursor,Myelodysplastic Syndrome,MUT,WT,,,MDS178,
108,GSM3190052,PEL2958A32,bone marrow,Erythroid precursor,Myelodysplastic Syndrome,WT,MUT,,,MDS218,
109,GSM3190053,PEL2958A34,bone marrow,Monocytic precursor,Myelodysplastic Syndrome,WT,MUT,,,MDS152,
110,GSM3190054,PEL2958A36,bone marrow,Monocytic precursor,Myelodysplastic Syndrome,MUT,WT,,,MDS178,
111,GSM3190055,PEL2958A38,bone marrow,Monocytic precursor,Healthy,WT,WT,,,HBM190,
112,GSM3190056,PEL2958A40,bone marrow,Granulocytic precursor,Healthy,WT,WT,,,HBM141,
113,GSM3190057,PEL2958A43,bone marrow,Erythroid precursor,Myelodysplastic Syndrome,MUT,WT,,,MDS177,
114,GSM3190058,PEL2958A44,bone marrow,Erythroid precursor,Healthy,WT,WT,,,HBM187,
115,GSM3190059,PEL2958A45,bone marrow,Erythroid precursor,Healthy,WT,WT,,,HBM190,
116,GSM3190060,PEL2958A47,bone marrow,Monocytic precursor,Myelodysplastic Syndrome,MUT,WT,,,MDS177,
117,GSM3190061,PEL2958A49,bone marrow,Erythroid precursor,Myelodysplastic Syndrome,WT,MUT,,,MDS152,
118,GSM3190062,PEL2958A50,bone marrow,Granulocytic precursor,Myelodysplastic Syndrome,MUT,WT,,,MDS155,
119,GSM3190063,PEL2958A53,bone marrow,Monocytic precursor,Myelodysplastic Syndrome,WT,MUT,,,MDS168,
120,GSM3190064,PEL2958A54,bone marrow,Erythroid precursor,Myelodysplastic Syndrome,MUT,WT,,,MDS189,
121,GSM3190065,PEL2958A56,bone marrow,Erythroid precursor,Myelodysplastic Syndrome,MUT,WT,,,MDS155,
122,GSM3190066,PEL2958A61,bone marrow,Erythroid precursor,Healthy,WT,WT,,,HBM141,
123,GSM3190067,PEL2958A62,bone marrow,Monocytic precursor,Myelodysplastic Syndrome,WT,MUT,,,MDS191,
124,GSM3190068,PEL2958A63,bone marrow,Monocytic precursor,Healthy,WT,WT,,,HBM141,
125,GSM3190069,PEL2958A65,bone marrow,Granulocytic precursor,Myelodysplastic Syndrome,WT,MUT,,,MDS191,
126,GSM3190070,PEL2958A67,bone marrow,Monocytic precursor,Myelodysplastic Syndrome,MUT,WT,,,MDS166,
127,GSM3190071,PEL2958A70,bone marrow,Erythroid precursor,Myelodysplastic Syndrome,WT,MUT,,,MDS168,
128,GSM3190072,PEL2958A72,bone marrow,Erythroid precursor,Myelodysplastic Syndrome,MUT,WT,,,MDS166,
129,GSM3190073,PEL2958A78,bone marrow,Monocytic precursor,Healthy,WT,WT,,,HBM187,
130,GSM3190074,PEL2958A80,bone marrow,Erythroid precursor,Myelodysplastic Syndrome,MUT,WT,,,MDS163,
